{
  "temp_bias": 0.4749999999999999,
  "rain_bias": -25.75,
  "cloud_to_rain_scale": 0.5115570653323286
}