{
  "temp_bias": 1.1499999999999997,
  "rain_bias": -34.75,
  "cloud_to_rain_scale": 0.3841225662907455
}