{
  "temp_bias": -0.3000000000000001,
  "rain_bias": -7.65,
  "cloud_to_rain_scale": 0.8573749999999999
}