{
  "temp_bias": -0.4250000000000002,
  "rain_bias": -13.750000000000002,
  "cloud_to_rain_scale": 0.7495370550615695
}