{
  "temp_bias": 1.0749999999999997,
  "rain_bias": -33.75,
  "cloud_to_rain_scale": 0.3965470652214034
}