{
  "temp_bias": 1.5249999999999995,
  "rain_bias": -39.75,
  "cloud_to_rain_scale": 0.3276010082407438
}