{
  "temp_bias": -0.40000000000000013,
  "rain_bias": -10.200000000000001,
  "cloud_to_rain_scale": 0.8145062499999999
}