{
  "temp_bias": -0.12500000000000017,
  "rain_bias": -17.75,
  "cloud_to_rain_scale": 0.6599232576473995
}