{
  "temp_bias": 0.024999999999999856,
  "rain_bias": -19.75,
  "cloud_to_rain_scale": 0.6192180361109748
}