{
  "temp_bias": 0.2499999999999999,
  "rain_bias": -22.75,
  "cloud_to_rain_scale": 0.5628191195702027
}