{
  "temp_bias": 1.6749999999999994,
  "rain_bias": -41.75,
  "cloud_to_rain_scale": 0.30739400468167155
}