{
  "temp_bias": 0.9249999999999998,
  "rain_bias": -31.75,
  "cloud_to_rain_scale": 0.4226146782399677
}