{
  "temp_bias": -0.20000000000000018,
  "rain_bias": -16.75,
  "cloud_to_rain_scale": 0.6812685690883065
}