{
  "temp_bias": -0.20000000000000007,
  "rain_bias": -5.1000000000000005,
  "cloud_to_rain_scale": 0.9025
}