{
  "temp_bias": 1.2999999999999996,
  "rain_bias": -36.75,
  "cloud_to_rain_scale": 0.36042921410651463
}