{
  "temp_bias": 0.3249999999999999,
  "rain_bias": -23.75,
  "cloud_to_rain_scale": 0.5451850323141298
}