{
  "temp_bias": -0.2750000000000002,
  "rain_bias": -15.750000000000002,
  "cloud_to_rain_scale": 0.7033042976576136
}