{
  "temp_bias": 0.3999999999999999,
  "rain_bias": -24.75,
  "cloud_to_rain_scale": 0.528103451223079
}