{
  "temp_bias": 1.5999999999999994,
  "rain_bias": -40.75,
  "cloud_to_rain_scale": 0.317336707395907
}