{
  "temp_bias": -0.5000000000000002,
  "rain_bias": -12.750000000000002,
  "cloud_to_rain_scale": 0.7737809374999999
}