{
  "temp_bias": 1.8999999999999992,
  "rain_bias": -44.75,
  "cloud_to_rain_scale": 0.2793962917531866
}