{
  "temp_bias": -0.10000000000000003,
  "rain_bias": -2.5500000000000003,
  "cloud_to_rain_scale": 0.95
}