{
  "temp_bias": 1.7499999999999993,
  "rain_bias": -42.75,
  "cloud_to_rain_scale": 0.29776282387763325
}