{
  "temp_bias": 1.2249999999999996,
  "rain_bias": -35.75,
  "cloud_to_rain_scale": 0.3720873481976389
}