{
  "temp_bias": 2.0499999999999994,
  "rain_bias": -46.75,
  "cloud_to_rain_scale": 0.26216263947547647
}