{
  "temp_bias": 1.8249999999999993,
  "rain_bias": -43.75,
  "cloud_to_rain_scale": 0.2884334044686363
}