{
  "temp_bias": 1.9749999999999992,
  "rain_bias": -45.75,
  "cloud_to_rain_scale": 0.27064232726178605
}