{
  "temp_bias": 2.5000000000000004,
  "rain_bias": -52.75,
  "cloud_to_rain_scale": 0.21658146673527606
}