{
  "temp_bias": 2.1249999999999996,
  "rain_bias": -47.75,
  "cloud_to_rain_scale": 0.25394863483518765
}