{
  "temp_bias": 0.9999999999999998,
  "rain_bias": -32.75,
  "cloud_to_rain_scale": 0.4093734363335595
}