{
  "temp_bias": 1.3749999999999996,
  "rain_bias": -37.75,
  "cloud_to_rain_scale": 0.34913634932955806
}