{
  "temp_bias": 1.4499999999999995,
  "rain_bias": -38.75,
  "cloud_to_rain_scale": 0.3381973093533651
}