{
  "temp_bias": 0.8499999999999999,
  "rain_bias": -30.75,
  "cloud_to_rain_scale": 0.4362842099953566
}