{
  "temp_bias": -0.3500000000000002,
  "rain_bias": -14.750000000000002,
  "cloud_to_rain_scale": 0.7260527749953396
}