{
  "temp_bias": 2.4250000000000003,
  "rain_bias": -51.75,
  "cloud_to_rain_scale": 0.22358682501931915
}